caller,receiver,timestamp
3506696762,5149998266,2024-10-11 00:48:48
8275537388,5358339647,2024-04-21 22:14:35
3506696762,5149998266,2024-04-18 22:35:10
2993882270,8275537388,2024-02-08 18:24:37
5358339647,3506696762,2024-06-04 00:42:31
2764474158,5358339647,2025-05-06 17:53:39
4489476548,3506696762,2024-11-24 19:08:02
8492271661,2764474158,2024-08-24 15:08:05
3506696762,8492271661,2024-12-27 07:26:49
5358339647,5149998266,2025-03-04 03:41:50
8492271661,5149998266,2025-01-30 19:47:10
5358339647,8492271661,2024-06-04 09:52:31
2764474158,2993882270,2024-11-18 11:18:28
2993882270,8275537388,2025-03-31 13:30:39
2993882270,8492271661,2024-04-21 04:04:21
8492271661,5149998266,2024-05-22 03:12:04
5149998266,3506696762,2025-01-06 10:08:01
3506696762,4489476548,2024-07-01 21:30:57
8492271661,5358339647,2025-04-02 00:46:44
3506696762,5149998266,2024-01-14 19:19:06
5149998266,8492271661,2024-09-01 20:19:14
4489476548,5358339647,2024-01-08 17:43:20
5149998266,4489476548,2024-12-06 11:43:00
4489476548,3506696762,2024-05-27 13:12:41
3506696762,5358339647,2024-06-06 05:03:50
2993882270,8275537388,2024-06-10 20:18:06
8275537388,5358339647,2024-04-26 04:23:12
2993882270,8492271661,2025-05-19 08:39:57
5358339647,2993882270,2024-01-26 12:52:00
5149998266,4489476548,2024-06-28 20:43:52
8275537388,5149998266,2024-01-19 18:04:57
5358339647,8492271661,2024-05-30 09:28:11
4489476548,2764474158,2025-01-02 02:51:27
8275537388,5358339647,2024-09-22 06:55:07
2764474158,8275537388,2025-03-11 09:06:14
2764474158,2993882270,2024-04-27 03:56:24
4489476548,8275537388,2024-02-24 01:20:01
4489476548,8275537388,2025-01-23 10:52:20
2764474158,8492271661,2024-11-04 05:25:45
2764474158,3506696762,2025-04-09 22:14:17
2993882270,2764474158,2025-01-29 09:42:24
2993882270,8275537388,2024-03-10 03:56:41
2993882270,2764474158,2024-09-14 00:00:23
2993882270,2764474158,2025-03-11 13:40:56
2764474158,5149998266,2024-11-16 07:06:57
5358339647,4489476548,2024-05-22 14:54:50
2764474158,4489476548,2024-08-07 10:49:46
3506696762,8275537388,2024-11-27 16:19:13
3506696762,2764474158,2024-03-10 20:13:11
3506696762,4489476548,2024-12-21 16:37:44
3506696762,2764474158,2025-03-19 17:30:06
3506696762,5358339647,2025-01-26 13:56:55
2993882270,8275537388,2024-09-23 09:13:04
2993882270,8492271661,2024-04-06 00:53:19
8492271661,2764474158,2024-01-04 23:47:00
3506696762,2993882270,2024-05-02 09:33:23
5149998266,4489476548,2025-04-09 05:16:02
2993882270,5149998266,2024-02-07 11:32:39
3506696762,8275537388,2024-03-01 14:12:59
5149998266,2764474158,2024-05-26 17:34:46
3506696762,5149998266,2024-02-17 14:31:03
8492271661,5358339647,2025-05-12 19:34:53
4489476548,8275537388,2024-07-19 17:35:52
8275537388,5358339647,2024-09-03 06:49:28
4489476548,5149998266,2024-04-15 19:17:31
8492271661,5149998266,2024-12-02 21:04:36
2993882270,8275537388,2025-03-19 07:08:43
3506696762,8492271661,2025-04-23 07:22:17
3506696762,2993882270,2025-04-02 14:12:01
8275537388,2764474158,2024-02-05 20:51:11
3506696762,5358339647,2024-04-17 19:49:15
4489476548,2764474158,2025-04-27 15:39:00
5358339647,2993882270,2024-10-08 21:50:17
4489476548,2764474158,2025-01-07 11:29:19
5358339647,2993882270,2025-02-15 14:58:02
5358339647,3506696762,2024-09-22 22:51:29
8275537388,4489476548,2025-02-12 16:33:59
5149998266,5358339647,2024-02-29 04:44:41
3506696762,5358339647,2025-03-02 05:57:54
4489476548,8275537388,2024-11-23 11:25:33
3506696762,8492271661,2024-09-12 19:11:14
8275537388,2993882270,2024-09-06 22:15:37
2993882270,3506696762,2024-05-05 17:03:43
5149998266,5358339647,2024-01-27 09:32:27
4489476548,8275537388,2025-04-19 04:32:30
2764474158,3506696762,2025-01-28 12:39:06
2764474158,3506696762,2025-02-28 09:04:26
5358339647,5149998266,2024-06-27 18:05:57
4489476548,2993882270,2024-11-20 14:37:07
5358339647,5149998266,2025-05-25 03:43:08
5149998266,4489476548,2024-06-30 18:03:41
5149998266,3506696762,2024-02-23 07:37:13
3506696762,5149998266,2024-09-22 17:39:12
5149998266,2764474158,2024-11-15 18:51:49
3506696762,5358339647,2024-04-05 20:38:55
8492271661,2764474158,2025-03-08 07:59:47
8275537388,5358339647,2024-10-31 08:27:49
4489476548,3506696762,2024-08-21 19:00:48
2764474158,3506696762,2024-05-28 14:29:40
2764474158,5149998266,2025-05-31 21:52:16
5149998266,2993882270,2024-06-26 10:32:35
5149998266,5358339647,2024-03-21 02:01:27
2993882270,5149998266,2024-01-06 16:49:39
5149998266,4489476548,2024-06-16 01:24:58
8492271661,2764474158,2024-04-07 05:32:09
2993882270,4489476548,2024-08-30 23:18:57
5358339647,2764474158,2024-11-15 15:54:43
5149998266,8492271661,2024-12-01 01:51:55
5149998266,3506696762,2024-10-20 21:26:19
2993882270,8492271661,2024-12-12 04:51:46
5149998266,8275537388,2024-06-12 13:03:56
2764474158,3506696762,2024-05-21 07:11:37
8492271661,8275537388,2024-11-05 12:43:09
2764474158,3506696762,2024-03-02 16:14:26
3506696762,8492271661,2024-01-17 10:53:01
2993882270,5149998266,2024-02-09 01:51:46
2993882270,3506696762,2024-12-11 11:58:19
5358339647,8275537388,2024-04-06 02:06:44
4489476548,8275537388,2025-04-01 04:41:25
8275537388,4489476548,2024-08-17 16:24:02
8492271661,2764474158,2024-04-30 15:22:33
2993882270,4489476548,2025-04-16 08:21:04
2993882270,5149998266,2024-02-07 22:26:34
8275537388,8492271661,2024-02-08 13:11:59
4489476548,2993882270,2024-01-12 23:06:59
8492271661,8275537388,2024-12-15 12:00:20
5358339647,8492271661,2025-03-21 22:27:11
5149998266,4489476548,2024-03-17 14:00:56
5149998266,2993882270,2025-01-27 21:25:57
5358339647,2993882270,2024-09-30 04:30:36
2764474158,8492271661,2024-05-14 10:13:53
4489476548,3506696762,2025-04-20 19:18:34
5358339647,2993882270,2025-05-31 15:36:44
4489476548,8275537388,2024-12-03 20:16:51
8275537388,5149998266,2024-08-13 07:15:53
2764474158,5149998266,2024-07-11 12:11:27
5149998266,2764474158,2025-02-04 16:11:28
3506696762,8275537388,2024-03-16 02:39:01
8275537388,2993882270,2024-12-30 22:58:07
5149998266,3506696762,2025-03-18 04:02:42
2993882270,8492271661,2025-03-23 13:12:51
8492271661,5358339647,2024-07-13 17:35:27
5358339647,2993882270,2024-02-01 20:58:46
2764474158,2993882270,2024-10-04 15:52:23
8275537388,5149998266,2025-05-27 21:54:06
5358339647,2993882270,2024-10-23 01:30:17
2764474158,8275537388,2024-06-16 03:17:39
3506696762,2993882270,2024-09-25 17:27:30
2764474158,2993882270,2025-04-08 15:12:33
4489476548,2993882270,2024-02-17 23:57:41
2993882270,3506696762,2025-02-20 11:25:31
2993882270,4489476548,2024-06-09 06:56:26
5358339647,3506696762,2024-06-22 15:21:08
5149998266,8492271661,2024-02-28 21:06:13
5358339647,2764474158,2024-04-24 20:15:44
3506696762,8275537388,2024-06-05 07:59:06
2764474158,4489476548,2024-01-20 01:18:22
3506696762,8275537388,2025-04-21 12:34:54
3506696762,2764474158,2024-09-06 05:32:01
5358339647,8275537388,2024-09-24 13:07:34
8492271661,3506696762,2025-05-24 02:39:19
2764474158,8492271661,2024-11-16 05:04:50
3506696762,5149998266,2025-05-12 05:05:24
8492271661,5149998266,2024-08-28 01:58:04
4489476548,5358339647,2024-11-06 11:59:24
5358339647,2764474158,2024-06-23 13:33:03
2993882270,5149998266,2024-04-20 03:27:39
3506696762,5358339647,2024-11-24 18:52:35
8492271661,2993882270,2024-01-09 15:50:50
2764474158,5149998266,2024-11-29 04:26:41
2993882270,4489476548,2024-07-07 15:23:08
2764474158,5149998266,2025-05-30 23:45:50
2993882270,4489476548,2024-12-25 22:28:16
4489476548,5358339647,2024-09-04 04:57:02
2993882270,2764474158,2025-05-09 20:34:01
2764474158,4489476548,2025-02-26 05:23:50
4489476548,3506696762,2024-09-28 12:18:14
8275537388,2993882270,2025-05-12 14:38:36
8492271661,3506696762,2024-01-28 16:39:17
4489476548,8492271661,2024-04-04 22:14:59
5358339647,2993882270,2024-08-04 00:28:46
4489476548,8275537388,2025-05-08 17:47:10
3506696762,5358339647,2024-12-18 04:49:36
3506696762,5149998266,2024-06-26 06:28:42
2764474158,8492271661,2024-07-30 08:21:58
8275537388,8492271661,2025-01-28 17:22:28
5149998266,2993882270,2024-04-20 02:18:41
8492271661,4489476548,2024-04-14 11:44:34
2764474158,5149998266,2024-08-08 15:42:23
8492271661,5149998266,2025-04-11 16:50:57
5358339647,8492271661,2024-11-14 07:29:06
4489476548,8492271661,2025-03-19 13:58:44
8492271661,3506696762,2024-04-10 14:37:46
8275537388,2993882270,2024-02-26 18:38:40
5358339647,8492271661,2024-10-20 15:43:20
8492271661,4489476548,2024-05-17 16:14:52
3506696762,5149998266,2024-12-06 17:11:43
8492271661,2993882270,2025-01-20 17:37:52
3506696762,4489476548,2024-03-23 12:59:30
3506696762,8492271661,2024-11-05 22:25:07
